[
  {
    "Codigo": "R-00-PN",
    "Nombre": "No obligado a registrarse en el RUT PN"
  },
  {
    "Codigo": "R-01-PN",
    "Nombre": "Administrador judicial PN"
  },
  {
    "Codigo": "R-02-PN",
    "Nombre": "Administrador privado PN"
  },
  {
    "Codigo": "R-03-PN",
    "Nombre": "Agente exclusivo de negocios en Colombia PN"
  },
  {
    "Codigo": "R-04-PN",
    "Nombre": "Agente oficioso PN"
  },
  {
    "Codigo": "R-05-PN",
    "Nombre": "Albacea PN"
  },
  {
    "Codigo": "R-06-PN",
    "Nombre": "Apoderado especial PN"
  },
  {
    "Codigo": "R-07-PN",
    "Nombre": "Apoderado general PN"
  },
  {
    "Codigo": "R-08-PN",
    "Nombre": "Asignatario PN"
  },
  {
    "Codigo": "R-09-PN",
    "Nombre": "Comunero PN"
  },
  {
    "Codigo": "R-10-PN",
    "Nombre": "Curador PN"
  },
  {
    "Codigo": "R-11-PN",
    "Nombre": "Donatario PN"
  },
  {
    "Codigo": "R-12-PN",
    "Nombre": "Factor PN"
  },
  {
    "Codigo": "R-14-PN",
    "Nombre": "Heredero con administración de bienes PN"
  },
  {
    "Codigo": "R-15-PN",
    "Nombre": "Liquidador PN"
  },
  {
    "Codigo": "R-16-PN",
    "Nombre": "Mandatario PN"
  },
  {
    "Codigo": "R-17-PN",
    "Nombre": "Padre PN"
  },
  {
    "Codigo": "R-21-PN",
    "Nombre": "Tutor PN"
  },
  {
    "Codigo": "R-22-PN",
    "Nombre": "Representante aduanero PN"
  },
  {
    "Codigo": "R-23-PN",
    "Nombre": "Liquidador suplente PN"
  },
  {
    "Codigo": "R-24-PN",
    "Nombre": "Depositario Provisional PN"
  },
  {
    "Codigo": "R-25-PN",
    "Nombre": "Agente Interventor PN"
  },
  {
    "Codigo": "R-28-PN",
    "Nombre": "Heredero designado PN"
  },
  {
    "Codigo": "R-29-PN",
    "Nombre": "Persona Natural sin residencia en Colombia con EP PN"
  },
  {
    "Codigo": "R-99-PN",
    "Nombre": "Otro tipo de responsable PN"
  },
  {
    "Codigo": "R-01-PJ",
    "Nombre": "Administrador judicial PJ"
  },
  {
    "Codigo": "R-02-PJ",
    "Nombre": "Administrador privado PJ"
  },
  {
    "Codigo": "R-03-PJ",
    "Nombre": "Agente exclusivo de negocios en Colombia PJ"
  },
  {
    "Codigo": "R-06-PJ",
    "Nombre": "Apoderado especial PJ"
  },
  {
    "Codigo": "R-07-PJ",
    "Nombre": "Apoderado general PJ"
  },
  {
    "Codigo": "R-09-PJ",
    "Nombre": "Comunero PJ"
  },
  {
    "Codigo": "R-12-PJ",
    "Nombre": "Factor PJ"
  },
  {
    "Codigo": "R-13-PJ",
    "Nombre": "Funcionario delegado para cumplir deberes formales PJ"
  },
  {
    "Codigo": "R-15-PJ",
    "Nombre": "Liquidador PJ"
  },
  {
    "Codigo": "R-16-PJ",
    "Nombre": "Mandatario PJ"
  },
  {
    "Codigo": "R-18-PJ",
    "Nombre": "Representante legal principal PJ"
  },
  {
    "Codigo": "R-19-PJ",
    "Nombre": "Representante legal suplente PJ"
  },
  {
    "Codigo": "R-20-PJ",
    "Nombre": "Síndico PJ"
  },
  {
    "Codigo": "R-22-PJ",
    "Nombre": "Representante aduanero PJ"
  },
  {
    "Codigo": "R-23-PJ",
    "Nombre": "Liquidador suplente PJ"
  },
  {
    "Codigo": "R-24-PJ",
    "Nombre": "Depositario Provisional PJ"
  },
  {
    "Codigo": "R-25-PJ",
    "Nombre": "Agente Interventor PJ"
  },
  {
    "Codigo": "R-26-PJ",
    "Nombre": "Agente de Aduanas PJ"
  },
  {
    "Codigo": "R-27-PJ",
    "Nombre": "Funcionario delegado para cumplir funciones OEA PJ"
  },
  {
    "Codigo": "R-99-PJ",
    "Nombre": "Otro tipo de responsable PJ"
  },
  {
    "Codigo": "O-01",
    "Nombre": "Aporte especial para la administración de justicia"
  },
  {
    "Codigo": "O-02",
    "Nombre": "Gravamen a los movimientos financieros"
  },
  {
    "Codigo": "O-03",
    "Nombre": "Impuesto al patrimonio"
  },
  {
    "Codigo": "O-04",
    "Nombre": "Impuesto sobre la renta y complementario régimen tributario especial"
  },
  {
    "Codigo": "O-05",
    "Nombre": "Impuesto sobre la renta y complementario régimen ordinario"
  },
  {
    "Codigo": "O-06",
    "Nombre": "Ingresos y patrimonio"
  },
  {
    "Codigo": "O-07",
    "Nombre": "Retención en la fuente a título de renta"
  },
  {
    "Codigo": "O-08",
    "Nombre": "Retención timbre nacional"
  },
  {
    "Codigo": "O-09",
    "Nombre": "Retención en la fuente en el impuesto sobre las ventas"
  },
  {
    "Codigo": "O-10",
    "Nombre": "Usuario aduanero"
  },
  {
    "Codigo": "O-11",
    "Nombre": "Ventas régimen común"
  },
  {
    "Codigo": "O-12",
    "Nombre": "Ventas régimen simplificado"
  },
  {
    "Codigo": "O-13",
    "Nombre": "Gran contribuyente"
  },
  {
    "Codigo": "O-14",
    "Nombre": "Informante de exógena"
  },
  {
    "Codigo": "O-15",
    "Nombre": "Autorretenedor"
  },
  {
    "Codigo": "O-16",
    "Nombre": "Obligación de facturar por ingresos de bienes y/o servicios excluidos"
  },
  {
    "Codigo": "O-17",
    "Nombre": "Profesionales de compra y venta de divisas"
  },
  {
    "Codigo": "O-18",
    "Nombre": "Precios de Transferencia"
  },
  {
    "Codigo": "O-19",
    "Nombre": "Productor y/o exportador de bienes exentos"
  },
  {
    "Codigo": "O-20",
    "Nombre": "Obtención NIT"
  },
  {
    "Codigo": "O-21",
    "Nombre": "Declarar el ingreso o salida del país de divisas o moneda legal colombiana"
  },
  {
    "Codigo": "O-22",
    "Nombre": "Obligado a cumplir deberes formales a nombre de terceros"
  },
  {
    "Codigo": "O-23",
    "Nombre": "Agente de retención en el impuesto sobre las ventas"
  },
  {
    "Codigo": "O-24",
    "Nombre": "Declaración Informativa Consolidada Precios de transferencia"
  },
  {
    "Codigo": "O-26",
    "Nombre": "Declaración Informativa Individual Precios de transferencia"
  },
  {
    "Codigo": "O-32",
    "Nombre": "Impuesto Nacional a la Gasolina y al ACPM"
  },
  {
    "Codigo": "O-33",
    "Nombre": "Impuesto Nacional al consumo"
  },
  {
    "Codigo": "O-34",
    "Nombre": "Régimen simplificado impuesto nacional consumo rest y bares"
  },
  {
    "Codigo": "O-35",
    "Nombre": "Impuesto sobre la renta para la equidad CREE"
  },
  {
    "Codigo": "O-36",
    "Nombre": "Establecimiento Permanente"
  },
  {
    "Codigo": "O-37",
    "Nombre": "Obligado a Facturar Electrónicamente Modelo 2242"
  },
  {
    "Codigo": "O-38",
    "Nombre": "Facturación Electrónica Voluntaria Modelo 2242"
  },
  {
    "Codigo": "O-39",
    "Nombre": "Proveedor de Servicios Tecnológicos PST Modelo 2242"
  },
  {
    "Codigo": "O-40",
    "Nombre": "Impuesto a la Riqueza"
  },
  {
    "Codigo": "O-41",
    "Nombre": "Declaración anual de activos en el exterior"
  },
  {
    "Codigo": "O-42",
    "Nombre": "Obligado a Llevar Contabilidad"
  },
  {
    "Codigo": "O-99",
    "Nombre": "Otro tipo de obligado"
  },
  {
    "Codigo": "A-01",
    "Nombre": "Agente de carga internacional"
  },
  {
    "Codigo": "A-02",
    "Nombre": "Agente marítimo"
  },
  {
    "Codigo": "A-03",
    "Nombre": "Almacén general de depósito"
  },
  {
    "Codigo": "A-04",
    "Nombre": "Comercializadora internacional (C.I.)"
  },
  {
    "Codigo": "A-05",
    "Nombre": "Comerciante de la zona aduanera especial de Inírida, Puerto Carreño, Cumaribo y Primavera"
  },
  {
    "Codigo": "A-06",
    "Nombre": "Comerciantes de la zona de régimen aduanero especial de Leticia"
  },
  {
    "Codigo": "A-07",
    "Nombre": "Comerciantes de la zona de régimen aduanero especial de Maicao, Uribia y Manaure"
  },
  {
    "Codigo": "A-08",
    "Nombre": "Comerciantes de la zona de régimen aduanero especial de Urabá, Tumaco y Guapí"
  },
  {
    "Codigo": "A-09",
    "Nombre": "Comerciantes del puerto libre de San Andrés, Providencia y Santa Catalina"
  },
  {
    "Codigo": "A-10",
    "Nombre": "Depósito público de apoyo logístico internacional"
  },
  {
    "Codigo": "A-11",
    "Nombre": "Depósito privado para procesamiento industrial"
  },
  {
    "Codigo": "A-12",
    "Nombre": "Depósito privado de transformación o ensamble"
  },
  {
    "Codigo": "A-13",
    "Nombre": "Depósito franco"
  },
  {
    "Codigo": "A-14",
    "Nombre": "Depósito privado aeronáutico"
  },
  {
    "Codigo": "A-15",
    "Nombre": "Depósito privado para distribución internacional"
  },
  {
    "Codigo": "A-16",
    "Nombre": "Depósito privado de provisiones de a bordo para consumo y para llevar"
  },
  {
    "Codigo": "A-17",
    "Nombre": "Depósito privado para envíos urgentes"
  },
  {
    "Codigo": "A-18",
    "Nombre": "Depósito privado"
  },
  {
    "Codigo": "A-19",
    "Nombre": "Depósito público"
  },
  {
    "Codigo": "A-20",
    "Nombre": "Depósito público para distribución internacional"
  },
  {
    "Codigo": "A-21",
    "Nombre": "Exportador de café"
  },
  {
    "Codigo": "A-22",
    "Nombre": "Exportador"
  },
  {
    "Codigo": "A-23",
    "Nombre": "Importador"
  },
  {
    "Codigo": "A-24",
    "Nombre": "Intermediario de tráfico postal y envíos urgentes"
  },
  {
    "Codigo": "A-25",
    "Nombre": "Operador de transporte multimodal"
  },
  {
    "Codigo": "A-26",
    "Nombre": "Sociedad de intermediación aduanera"
  },
  {
    "Codigo": "A-27",
    "Nombre": "Titular de puertos y muelles de servicio público o privado"
  },
  {
    "Codigo": "A-28",
    "Nombre": "Transportador aereo régimen de importación y/o exportación"
  },
  {
    "Codigo": "A-29",
    "Nombre": "Transportista nacional para operaciones del régimen de tránsito aduanero"
  },
  {
    "Codigo": "A-30",
    "Nombre": "Usuario comercial zona franca"
  },
  {
    "Codigo": "A-32",
    "Nombre": "Usuario industrial de bienes zona franca"
  },
  {
    "Codigo": "A-34",
    "Nombre": "Usuario industrial de servicios zona franca"
  },
  {
    "Codigo": "A-36",
    "Nombre": "Usuario operador de zona franca"
  },
  {
    "Codigo": "A-37",
    "Nombre": "Usuario aduanero permanente"
  },
  {
    "Codigo": "A-38",
    "Nombre": "Usuario altamente exportador"
  },
  {
    "Codigo": "A-39",
    "Nombre": "Usuario de zonas económicas especiales de exportación"
  },
  {
    "Codigo": "A-40",
    "Nombre": "Deposito privado de instalaciones industriales"
  },
  {
    "Codigo": "A-41",
    "Nombre": "Beneficiarios de programas especiales de exportación PEX"
  },
  {
    "Codigo": "A-42",
    "Nombre": "Depósitos privados para mercancías en tránsito San Andrés"
  },
  {
    "Codigo": "A-43",
    "Nombre": "Observadores de las operaciones de importación"
  },
  {
    "Codigo": "A-44",
    "Nombre": "Usuarios sistemas especiales Importación exportación"
  },
  {
    "Codigo": "A-46",
    "Nombre": "Transportador maritimo régimen de importación y/o exportación"
  },
  {
    "Codigo": "A-47",
    "Nombre": "Transportador terrestre régimen de importación y/o exportación"
  },
  {
    "Codigo": "A-48",
    "Nombre": "Aeropuerto de servicio publico o privado"
  },
  {
    "Codigo": "A-49",
    "Nombre": "Transportador fluvial régimen de importación"
  },
  {
    "Codigo": "A-50",
    "Nombre": "Usuario industrial zona franca especial"
  },
  {
    "Codigo": "A-53",
    "Nombre": "Agencias de aduanas 1"
  },
  {
    "Codigo": "A-54",
    "Nombre": "Usuario Operador Zona Franca Especial"
  },
  {
    "Codigo": "A-55",
    "Nombre": "Agencias de aduanas 2"
  },
  {
    "Codigo": "A-56",
    "Nombre": "Agencias de aduanas 3"
  },
  {
    "Codigo": "A-57",
    "Nombre": "Agencias de aduanas 4"
  },
  {
    "Codigo": "A-58",
    "Nombre": "Transportador aéreo nacional"
  },
  {
    "Codigo": "A-60",
    "Nombre": "Transportador aéreo, marítimo o fluvial modalidad Cabotaje"
  },
  {
    "Codigo": "A-61",
    "Nombre": "Importador de alimentos de consumo humano y animal"
  },
  {
    "Codigo": "A-62",
    "Nombre": "Importador Ocasional"
  },
  {
    "Codigo": "A-63",
    "Nombre": "Importador de maquinaría y sus partes Decreto 2261 de 2012"
  },
  {
    "Codigo": "A-64",
    "Nombre": "Beneficiario Programa de Fomento Industria Automotriz-PROFIA"
  },
  {
    "Codigo": "A-99",
    "Nombre": "Otro tipo de agente aduanero"
  },
  {
    "Codigo": "E-01",
    "Nombre": "Agencia"
  },
  {
    "Codigo": "E-02",
    "Nombre": "Establecimiento de comercio"
  },
  {
    "Codigo": "E-03",
    "Nombre": "Centro de explotación agrícola"
  },
  {
    "Codigo": "E-04",
    "Nombre": "Centro de explotación animal"
  },
  {
    "Codigo": "E-05",
    "Nombre": "Centro de explotación minera"
  },
  {
    "Codigo": "E-06",
    "Nombre": "Centro de explotación de transformación"
  },
  {
    "Codigo": "E-07",
    "Nombre": "Centro de explotación de servicios"
  },
  {
    "Codigo": "E-08",
    "Nombre": "Oficina"
  },
  {
    "Codigo": "E-09",
    "Nombre": "Sede"
  },
  {
    "Codigo": "E-10",
    "Nombre": "Sucursal"
  },
  {
    "Codigo": "E-11",
    "Nombre": "Consultorio"
  },
  {
    "Codigo": "E-12",
    "Nombre": "Administraciones"
  },
  {
    "Codigo": "E-13",
    "Nombre": "Seccionales"
  },
  {
    "Codigo": "E-14",
    "Nombre": "Regionales"
  },
  {
    "Codigo": "E-15",
    "Nombre": "Intendencias"
  },
  {
    "Codigo": "E-16",
    "Nombre": "Local o negocio"
  },
  {
    "Codigo": "E-17",
    "Nombre": "Punto de venta"
  },
  {
    "Codigo": "E-18",
    "Nombre": "Fábrica"
  },
  {
    "Codigo": "E-19",
    "Nombre": "Taller"
  },
  {
    "Codigo": "E-20",
    "Nombre": "Cantera"
  },
  {
    "Codigo": "E-21",
    "Nombre": "Pozo de Petróleo y Gas"
  },
  {
    "Codigo": "E-22",
    "Nombre": "Otro lug de tipo de extrac explotación de recursos naturales"
  },
  {
    "Codigo": "E-99",
    "Nombre": "Otro tipo de establecimiento"
  }
]